Title,Date,Geo Location
Biden,"Wednesday, 17 July 2024",IN
USA Basketball,"Wednesday, 17 July 2024",IN
Peter Navarro,"Wednesday, 17 July 2024",IN
Kai Trump,"Wednesday, 17 July 2024",IN
Emmy nominations 2024,"Wednesday, 17 July 2024",IN
Adam Schiff,"Wednesday, 17 July 2024",IN
MLS,"Wednesday, 17 July 2024",IN
Fever vs Wings,"Wednesday, 17 July 2024",IN
Glen Powell,"Wednesday, 17 July 2024",IN
Sue Mi Terry South Korea,"Wednesday, 17 July 2024",IN
Deadpool Xbox controller,"Wednesday, 17 July 2024",IN
Matt Gaetz,"Wednesday, 17 July 2024",IN
Stock market,"Wednesday, 17 July 2024",IN
Simone Biles,"Wednesday, 17 July 2024",IN
National Hot Dog Day,"Wednesday, 17 July 2024",IN
Kate Martin injury,"Wednesday, 17 July 2024",IN
Detroit Lions,"Wednesday, 17 July 2024",IN
Inter Miami,"Wednesday, 17 July 2024",IN
Terrell Davis United Airlines,"Wednesday, 17 July 2024",IN
"ROME, N.Y tornado","Wednesday, 17 July 2024",IN
